epoch,train_loss,val_loss,val_macro_f1,val_top1,lr
1,0.7561309332618626,0.4192538956886222,0.819862474811186,0.8560411311053985,9.817073170731708e-05
2,0.35113508498477863,0.1875493193363946,0.9192209059648234,0.9383033419023136,9.709286838710774e-05
3,0.26214092205528444,0.19265052218653073,0.9253755888641122,0.9417309340188518,8.850666114421079e-05
4,0.19869418772755237,0.13311807583869611,0.9467879369229748,0.9591545272779206,7.527598226952894e-05
5,0.16021375140038932,0.20959404059833406,0.9075811872214299,0.930876892316481,5.9048984585133646e-05
6,0.1199393135881642,0.1413086714897112,0.9435385150618111,0.9562982005141388,4.1684648656770654e-05
7,0.08238889098667153,0.10787919704887193,0.9586638934332073,0.9682947729220223,2.5323266821916735e-05
8,0.058684187100791346,0.1054631121604528,0.959991740236286,0.9697229363039132,1.1938263198134087e-05
9,0.04750740277103898,0.09323712705957211,0.9671206275408571,0.9757212225078549,3.1440667640655564e-06
10,0.045076838172063594,0.08912191565433968,0.9688166083146454,0.976006855184233,1.387398176355692e-09
