exp_id,gpu,dtype,batch,img_size,p50,p95,p99,images_per_s,torch,fused_bn,k_views,space,base_p50,relative_cost,includes_view_transforms_and_aggregation,bn_layers
B01,Tesla T4,fp32,1,224,5.733150499963813,6.242447550016549,6.581959759928395,174.42416695782046,2.11.0+cu128,False,,,,,,
B02,Tesla T4,fp32,1,224,5.649290500059578,9.160874599865565,9.174735029982912,177.0133789348333,2.11.0+cu128,False,,,,,,
B03,Tesla T4,fp32,1,224,9.674420500004999,10.433734499952152,10.608555670064566,103.36536436466487,2.11.0+cu128,False,,,,,,
B04,Tesla T4,fp32,1,224,7.641946500143604,8.314411350056616,9.11212755000634,130.85671300907543,2.11.0+cu128,False,,,,,,
B05,Tesla T4,fp32,1,224,6.2377479998758645,6.944261450325939,7.522913700113354,160.31426726759412,2.11.0+cu128,False,,,,,,
I00,Tesla T4,fp32,1,224,5.416883499492542,5.7368354498066765,6.294184018915989,184.60799463264823,2.11.0+cu128,False,,,,,,
I01,Tesla T4,fp32,1,224,10.781950500131643,12.161253649810533,13.18739516022106,92.74759701297,2.11.0+cu128,False,2,prob,5.4161620000741095,1.9906994103913644,True,
I03,Tesla T4,fp32,1,224,10.906874000284006,13.522797100267779,18.915580959910592,91.68529864505273,2.11.0+cu128,False,2,logit,5.443535999802407,2.0036377091434523,True,
I07,Tesla T4,fp32,1,224,5.472141499922145,5.95361264913663,6.1435562990118395,182.7438124570111,2.11.0+cu128,False,,,,,,
I08,Tesla T4,fp32,1,224,5.495345500094118,5.927164800687024,6.030790930981317,181.9721799080464,2.11.0+cu128,False,,,,,,0
I00_batch32,Tesla T4,fp32,32,224,124.27648749962827,125.01320525052506,125.42570908948619,257.49038006964685,2.11.0+cu128,False,,,,,,
I09,Tesla T4,amp,1,224,7.391472499932661,7.697905549969164,8.243392000055117,135.29103977713646,2.11.0+cu128,False,,,,,,
I09_batch32,Tesla T4,amp,32,224,46.76801549999254,47.426766499995665,47.560290969996686,684.2283055607759,2.11.0+cu128,False,,,,,,
