exp_id,seed,class,n_test,precision,recall,f1,precision_std,recall_std,f1_std
T00,0,Chinee Apple,226,0.9722222222222222,0.9292035398230089,0.9502262443438914,,,
T00,0,Lantana,213,0.9090909090909091,0.9859154929577465,0.9459459459459459,,,
T00,0,Parkinsonia,207,0.9665071770334929,0.9758454106280193,0.9711538461538461,,,
T00,0,Parthenium,205,0.9950248756218906,0.975609756097561,0.9852216748768473,,,
T00,0,Prickly Acacia,213,0.9244444444444444,0.9765258215962441,0.9497716894977168,,,
T00,0,Rubber Vine,202,0.9850746268656716,0.9801980198019802,0.9826302729528535,,,
T00,0,Siam Weed,215,0.9726027397260274,0.9906976744186047,0.9815668202764977,,,
T00,0,Snake Weed,204,0.9846153846153847,0.9411764705882353,0.962406015037594,,,
T00,0,Negatives,1822,0.9856353591160221,0.9791437980241493,0.9823788546255506,,,
T00,1,Chinee Apple,226,0.9726027397260274,0.9424778761061947,0.9573033707865167,,,
T00,1,Lantana,213,0.9547511312217195,0.9906103286384976,0.9723502304147466,,,
T00,1,Parkinsonia,207,0.9806763285024155,0.9806763285024155,0.9806763285024155,,,
T00,1,Parthenium,205,0.9950248756218906,0.975609756097561,0.9852216748768473,,,
T00,1,Prickly Acacia,213,0.9414414414414415,0.9812206572769953,0.960919540229885,,,
T00,1,Rubber Vine,202,0.9802955665024631,0.9851485148514851,0.9827160493827161,,,
T00,1,Siam Weed,215,0.9594594594594594,0.9906976744186047,0.9748283752860413,,,
T00,1,Snake Weed,204,0.9565217391304348,0.9705882352941176,0.9635036496350365,,,
T00,1,Negatives,1822,0.9894736842105263,0.9802414928649835,0.984835952577888,,,
T00,2,Chinee Apple,226,0.9680365296803652,0.9380530973451328,0.952808988764045,,,
T00,2,Lantana,213,0.9812206572769953,0.9812206572769953,0.9812206572769953,,,
T00,2,Parkinsonia,207,0.9805825242718447,0.9758454106280193,0.9782082324455206,,,
T00,2,Parthenium,205,0.9900990099009901,0.975609756097561,0.9828009828009828,,,
T00,2,Prickly Acacia,213,0.9369369369369369,0.9765258215962441,0.9563218390804598,,,
T00,2,Rubber Vine,202,0.9851485148514851,0.9851485148514851,0.9851485148514851,,,
T00,2,Siam Weed,215,0.963963963963964,0.9953488372093023,0.9794050343249429,,,
T00,2,Snake Weed,204,0.9423076923076923,0.9607843137254902,0.9514563106796117,,,
T00,2,Negatives,1822,0.9889685603971319,0.9840834248079035,0.9865199449793673,,,
F01,0,Chinee Apple,226,0.95,0.9247787610619469,0.937219730941704,,,
F01,0,Lantana,213,0.981042654028436,0.971830985915493,0.9764150943396227,,,
F01,0,Parkinsonia,207,0.9711538461538461,0.9758454106280193,0.9734939759036145,,,
F01,0,Parthenium,205,1.0,0.9414634146341463,0.9698492462311558,,,
F01,0,Prickly Acacia,213,0.9324324324324325,0.971830985915493,0.9517241379310345,,,
F01,0,Rubber Vine,202,0.9569377990430622,0.9900990099009901,0.97323600973236,,,
F01,0,Siam Weed,215,0.9815668202764977,0.9906976744186047,0.9861111111111112,,,
F01,0,Snake Weed,204,0.9282296650717703,0.9509803921568627,0.9394673123486683,,,
F01,0,Negatives,1822,0.9862486248624862,0.9840834248079035,0.9851648351648352,,,
F01,1,Chinee Apple,226,0.9681818181818181,0.9424778761061947,0.9551569506726458,,,
F01,1,Lantana,213,0.967741935483871,0.9859154929577465,0.9767441860465116,,,
F01,1,Parkinsonia,207,0.9760765550239234,0.9855072463768116,0.9807692307692307,,,
F01,1,Parthenium,205,1.0,0.9658536585365853,0.9826302729528535,,,
F01,1,Prickly Acacia,213,0.9288888888888889,0.9812206572769953,0.9543378995433789,,,
F01,1,Rubber Vine,202,0.9802955665024631,0.9851485148514851,0.9827160493827161,,,
F01,1,Siam Weed,215,0.9770642201834863,0.9906976744186047,0.9838337182448038,,,
F01,1,Snake Weed,204,0.9380952380952381,0.9656862745098039,0.9516908212560387,,,
F01,1,Negatives,1822,0.9894853348090759,0.9813391877058177,0.9853954257371177,,,
F01,2,Chinee Apple,226,0.9814814814814815,0.9380530973451328,0.9592760180995475,,,
F01,2,Lantana,213,0.958904109589041,0.9859154929577465,0.9722222222222222,,,
F01,2,Parkinsonia,207,0.9853658536585366,0.9758454106280193,0.9805825242718447,,,
F01,2,Parthenium,205,1.0,0.9609756097560975,0.9800995024875622,,,
F01,2,Prickly Acacia,213,0.9292035398230089,0.9859154929577465,0.9567198177676538,,,
F01,2,Rubber Vine,202,0.9899497487437185,0.9752475247524752,0.9825436408977556,,,
F01,2,Siam Weed,215,0.9771689497716894,0.9953488372093023,0.9861751152073732,,,
F01,2,Snake Weed,204,0.9478672985781991,0.9803921568627451,0.9638554216867469,,,
F01,2,Negatives,1822,0.9895316804407713,0.9857299670691547,0.987627165246082,,,
T00,mean +/- std,Chinee apple,226,0.9709538305428715,0.9365781710914455,0.953446201298151,0.0025336103951596146,0.0067589612019997745,0.0035813348812200178
T00,mean +/- std,Lantana,213,0.9483542325298746,0.9859154929577464,0.9665056112125626,0.03648787987815059,0.004694835680751186,0.018349277781049528
T00,mean +/- std,Parkinsonia,207,0.9759220099359176,0.9774557165861514,0.9766794690339274,0.008153619364665838,0.0027891317352155957,0.0049418878676243914
T00,mean +/- std,Parthenium,205,0.9933829203815904,0.975609756097561,0.9844147775182258,0.002843949899953842,0.0,0.0013975872216255535
T00,mean +/- std,Prickly acacia,213,0.9342742742742743,0.9780907668231612,0.9556710229360205,0.008805782535943938,0.002710564644082725,0.00560234908115093
T00,mean +/- std,Rubber vine,202,0.9835062360732065,0.9834983498349835,0.9834982790623515,0.00278076683272541,0.0028581696494535953,0.0014297895015641024
T00,mean +/- std,Siam weed,215,0.9653420543831502,0.9922480620155039,0.9786000766291606,0.006679131975337702,0.002685350089254065,0.003440585399514308
T00,mean +/- std,Snake weed,204,0.9611482720178373,0.9575163398692811,0.9591219917840808,0.021529951509914172,0.014975737565215171,0.006661321229601258
T00,mean +/- std,Negative,1822,0.9880258679078935,0.9811562385656788,0.9845782507276019,0.002085590259309139,0.0025937517158357024,0.0020825381178622127
F01,mean +/- std,Chinee apple,226,0.9665544332210998,0.9351032448377582,0.9505508999046325,0.015803708597193114,0.009210911502062548,0.011727392231670748
F01,mean +/- std,Lantana,213,0.9692295663671161,0.9812206572769954,0.9751271675361188,0.011143992628647738,0.00813169393224824,0.002521131848085939
F01,mean +/- std,Parkinsonia,207,0.9775320849454353,0.9790660225442834,0.9782819103148966,0.007216939437369327,0.005578263470431191,0.00414752357125262
F01,mean +/- std,Parthenium,205,1.0,0.9560975609756097,0.9775263405571906,0.0,0.012906103956412649,0.006767904605941471
F01,mean +/- std,Prickly acacia,213,0.9301749537147767,0.9796557120500783,0.9542606184140223,0.0019613538495353304,0.007171479960807244,0.0024987363881004195
F01,mean +/- std,Rubber vine,202,0.9757277047630813,0.9834983498349835,0.9794985666709439,0.01697339760956089,0.007562006097286872,0.00542421844399498
F01,mean +/- std,Siam weed,215,0.9785999967438911,0.9922480620155039,0.9853733148544294,0.0025698781054521373,0.002685350089254065,0.0013337137704029787
F01,mean +/- std,Snake weed,204,0.9380640672484025,0.9656862745098039,0.9516711850971512,0.009818853861295261,0.01470588235294118,0.012194066526617383
F01,mean +/- std,Negative,1822,0.9884218800374445,0.9837175265276253,0.9860624753826782,0.0018822368397750694,0.0022181404414530113,0.001359957271198268
