exp_id,backbone,axis,changes,seed,val_macro_f1,val_top1,delta_macro_f1,chinee_apple_f1,snake_weed_f1,params_m,gmacs,best_epoch,best_val_macro_f1,total_train_time_s,time_per_epoch_s,test_metrics,tag,resolution,epochs,latency_p95_ms
T05,convnext_tiny,Loss,"{""loss"": ""focal""}",0,0.969709250111938,0.9765781205369894,0.005762309954647105,0.9430523917995445,0.9301204819277108,,,,,,,,,,,
T03,convnext_tiny,Augmentation,"{""aug"": ""color""}",0,0.9696701121216539,0.9768637532133676,0.005723171964363005,0.9521640091116174,0.9388753056234719,,,,,,,,,,,
T04,convnext_tiny,Augmentation,"{""mix"": ""cutmix""}",0,0.9670810659866356,0.9745786918023421,0.0031341258293446916,0.935483870967742,0.9339853300733497,,,,,,,,,,,
B02,convnext_tiny,,,0,0.9639469401572909,0.9725792630676949,,,,27.827049,4.454770176,10,0.9639469401572909,838.6617751121521,83.86617751121521,,in12k_ft_in1k,224,10,9.160874599865565
T00,convnext_tiny,Baseline,{},0,0.9639469401572909,0.9725792630676949,0.0,0.9330254041570438,0.9219143576826196,,,,,,,,,,,
T06,convnext_tiny,Loss,"{""loss"": ""ce_weighted""}",0,0.9625803011004409,0.9708654670094259,-0.001366639056849972,0.9393258426966291,0.9065420560747662,,,,,,,,,,,
T07,convnext_tiny,Combination,"{""aug"": ""color"", ""loss"": ""focal""}",0,0.9619746660808399,0.9697229363039132,-0.0019722740764509528,0.9205607476635514,0.928395061728395,,,,,,,,,,,
B03,swin_tiny_patch4_window7_224,,,0,0.957325551809567,0.9682947729220223,,,,27.526275,4.489805568,10,0.957325551809567,792.0866079330444,79.20866079330445,,ms_in1k,224,10,10.433734499952152
T01,convnext_tiny,Initialization,"{""init"": ""frozen""}",0,0.8510359508137761,0.8811768066266781,-0.11291098934351473,0.8126410835214446,0.7738693467336683,,,,,,,,,,,
B01,resnet50,,,0,0.8172585653335402,0.8651813767495001,,,,23.526473,4.087154688,9,0.8172585653335402,588.2206742763519,58.82206742763519,,a1_in1k,224,10,6.242447550016549
